group,size_total,size_start,size_confirm,conversion_rate%
control,23526,17416,14210,0.6040125818243646
test,26961,21259,18407,0.682726901821149
